nombre,email,ciudad,created_at
Felipe Rojas,user1@example.com,Pereira,2025-07-01 01:00:00
Diego Morales,user2@example.com,Manizales,2025-07-01 02:00:00
Daniela Herrera,user3@example.com,Cartagena,2025-07-01 03:00:00
Camila Diaz,user4@example.com,Cucuta,2025-07-01 04:00:00
Valentina Herrera,user5@example.com,Cali,2025-07-01 05:00:00
Sebastian Rojas,user6@example.com,Ibague,2025-07-01 06:00:00
Sebastian Romero,user7@example.com,Cartagena,2025-07-01 07:00:00
Daniela Herrera,user8@example.com,Cucuta,2025-07-01 08:00:00
Felipe Perez,user9@example.com,Manizales,2025-07-01 09:00:00
Valentina Torres,user10@example.com,Bucaramanga,2025-07-01 10:00:00
Juan Torres,user11@example.com,Medellin,2025-07-01 11:00:00
Luis Flores,user12@example.com,Cartagena,2025-07-01 12:00:00
Isabella Lopez,user13@example.com,Cali,2025-07-01 13:00:00
Nicolas Morales,user14@example.com,Cartagena,2025-07-01 14:00:00
Nicolas Castro,user15@example.com,Bogota,2025-07-01 15:00:00
Diego Herrera,user16@example.com,Bogota,2025-07-01 16:00:00
Sebastian Ortiz,user17@example.com,Cucuta,2025-07-01 17:00:00
Felipe Vargas,user18@example.com,Barranquilla,2025-07-01 18:00:00
Isabella Castro,user19@example.com,Cartagena,2025-07-01 19:00:00
Maria Diaz,user20@example.com,Cartagena,2025-07-01 20:00:00
Juan Vargas,user21@example.com,Manizales,2025-07-01 21:00:00
Maria Jimenez,user22@example.com,Pereira,2025-07-01 22:00:00
Isabella Castillo,user23@example.com,Barranquilla,2025-07-01 23:00:00
Laura Castro,user24@example.com,Bogota,2025-07-02 00:00:00
Camila Castillo,user25@example.com,Cucuta,2025-07-02 01:00:00
Luis Romero,user26@example.com,Medellin,2025-07-02 02:00:00
Mariana Ruiz,user27@example.com,Barranquilla,2025-07-02 03:00:00
Sebastian Castro,user28@example.com,Bucaramanga,2025-07-02 04:00:00
Nicolas Ramirez,user29@example.com,Barranquilla,2025-07-02 05:00:00
Gabriela Morales,user30@example.com,Bogota,2025-07-02 06:00:00
Isabella Lopez,user31@example.com,Medellin,2025-07-02 07:00:00
Isabella Garcia,user32@example.com,Bucaramanga,2025-07-02 08:00:00
Luis Vargas,user33@example.com,Medellin,2025-07-02 09:00:00
Valentina Gomez,user34@example.com,Cali,2025-07-02 10:00:00
Camila Medina,user35@example.com,Manizales,2025-07-02 11:00:00
Gabriela Garcia,user36@example.com,Medellin,2025-07-02 12:00:00
Nicolas Torres,user37@example.com,Bucaramanga,2025-07-02 13:00:00
Valentina Vargas,user38@example.com,Pereira,2025-07-02 14:00:00
Carlos Medina,user39@example.com,Manizales,2025-07-02 15:00:00
Andres Castillo,user40@example.com,Ibague,2025-07-02 16:00:00
Carlos Torres,user41@example.com,Bogota,2025-07-02 17:00:00
Laura Rojas,user42@example.com,Manizales,2025-07-02 18:00:00
Sofia Castillo,user43@example.com,Ibague,2025-07-02 19:00:00
Luis Torres,user44@example.com,Cartagena,2025-07-02 20:00:00
Gabriela Ortiz,user45@example.com,Manizales,2025-07-02 21:00:00
Mariana Herrera,user46@example.com,Cucuta,2025-07-02 22:00:00
Felipe Torres,user47@example.com,Medellin,2025-07-02 23:00:00
Felipe Ramirez,user48@example.com,Ibague,2025-07-03 00:00:00
Daniela Torres,user49@example.com,Barranquilla,2025-07-03 01:00:00
Camila Medina,user50@example.com,Manizales,2025-07-03 02:00:00
Sebastian Medina,user51@example.com,Cartagena,2025-07-03 03:00:00
Juan Morales,user52@example.com,Cali,2025-07-03 04:00:00
Nicolas Ortiz,user53@example.com,Barranquilla,2025-07-03 05:00:00
Laura Ortiz,user54@example.com,Ibague,2025-07-03 06:00:00
Sebastian Castillo,user55@example.com,Barranquilla,2025-07-03 07:00:00
Maria Lopez,user56@example.com,Manizales,2025-07-03 08:00:00
Felipe Torres,user57@example.com,Cartagena,2025-07-03 09:00:00
Diego Torres,user58@example.com,Ibague,2025-07-03 10:00:00
Ana Gomez,user59@example.com,Ibague,2025-07-03 11:00:00
Carlos Gutierrez,user60@example.com,Cartagena,2025-07-03 12:00:00
Laura Romero,user61@example.com,Medellin,2025-07-03 13:00:00
Camila Herrera,user62@example.com,Cartagena,2025-07-03 14:00:00
Sofia Flores,user63@example.com,Bucaramanga,2025-07-03 15:00:00
Santiago Flores,user64@example.com,Bogota,2025-07-03 16:00:00
Sebastian Herrera,user65@example.com,Medellin,2025-07-03 17:00:00
Carlos Flores,user66@example.com,Bogota,2025-07-03 18:00:00
Santiago Romero,user67@example.com,Cali,2025-07-03 19:00:00
Diego Vargas,user68@example.com,Bogota,2025-07-03 20:00:00
Maria Vargas,user69@example.com,Barranquilla,2025-07-03 21:00:00
Gabriela Diaz,user70@example.com,Cartagena,2025-07-03 22:00:00
Diego Diaz,user71@example.com,Ibague,2025-07-03 23:00:00
Sofia Diaz,user72@example.com,Barranquilla,2025-07-04 00:00:00
Sebastian Castillo,user73@example.com,Cucuta,2025-07-04 01:00:00
Maria Ruiz,user74@example.com,Pereira,2025-07-04 02:00:00
Diego Vargas,user75@example.com,Ibague,2025-07-04 03:00:00
Maria Ramirez,user76@example.com,Bucaramanga,2025-07-04 04:00:00
Nicolas Ruiz,user77@example.com,Pereira,2025-07-04 05:00:00
Isabella Torres,user78@example.com,Cali,2025-07-04 06:00:00
Ana Lopez,user79@example.com,Cali,2025-07-04 07:00:00
Santiago Vargas,user80@example.com,Bogota,2025-07-04 08:00:00
Nicolas Herrera,user81@example.com,Bogota,2025-07-04 09:00:00
Ana Ramirez,user82@example.com,Cali,2025-07-04 10:00:00
Camila Morales,user83@example.com,Cucuta,2025-07-04 11:00:00
Felipe Garcia,user84@example.com,Pereira,2025-07-04 12:00:00
Mateo Morales,user85@example.com,Manizales,2025-07-04 13:00:00
Diego Lopez,user86@example.com,Cucuta,2025-07-04 14:00:00
Maria Herrera,user87@example.com,Cucuta,2025-07-04 15:00:00
Carlos Flores,user88@example.com,Cucuta,2025-07-04 16:00:00
Laura Jimenez,user89@example.com,Cali,2025-07-04 17:00:00
Laura Castro,user90@example.com,Bucaramanga,2025-07-04 18:00:00
Juan Rojas,user91@example.com,Bogota,2025-07-04 19:00:00
Nicolas Vargas,user92@example.com,Cartagena,2025-07-04 20:00:00
Ana Ortiz,user93@example.com,Manizales,2025-07-04 21:00:00
Juan Morales,user94@example.com,Bogota,2025-07-04 22:00:00
Felipe Gutierrez,user95@example.com,Medellin,2025-07-04 23:00:00
Isabella Perez,user96@example.com,Cucuta,2025-07-05 00:00:00
Sofia Castro,user97@example.com,Cartagena,2025-07-05 01:00:00
Sebastian Castillo,user98@example.com,Manizales,2025-07-05 02:00:00
Andres Rojas,user99@example.com,Barranquilla,2025-07-05 03:00:00
Mateo Morales,user100@example.com,Cali,2025-07-05 04:00:00
Camila Romero,user101@example.com,Bucaramanga,2025-07-05 05:00:00
Nicolas Perez,user102@example.com,Bucaramanga,2025-07-05 06:00:00
Felipe Ramirez,user103@example.com,Cucuta,2025-07-05 07:00:00
Valentina Castro,user104@example.com,Manizales,2025-07-05 08:00:00
Gabriela Lopez,user105@example.com,Ibague,2025-07-05 09:00:00
Camila Rojas,user106@example.com,Cucuta,2025-07-05 10:00:00
Felipe Vargas,user107@example.com,Pereira,2025-07-05 11:00:00
Valentina Herrera,user108@example.com,Bucaramanga,2025-07-05 12:00:00
Laura Garcia,user109@example.com,Cucuta,2025-07-05 13:00:00
Carlos Gomez,user110@example.com,Pereira,2025-07-05 14:00:00
Laura Gutierrez,user111@example.com,Cucuta,2025-07-05 15:00:00
Daniela Gomez,user112@example.com,Bucaramanga,2025-07-05 16:00:00
Diego Vargas,user113@example.com,Cali,2025-07-05 17:00:00
Camila Castillo,user114@example.com,Manizales,2025-07-05 18:00:00
Nicolas Garcia,user115@example.com,Ibague,2025-07-05 19:00:00
Nicolas Castillo,user116@example.com,Pereira,2025-07-05 20:00:00
Diego Gutierrez,user117@example.com,Bogota,2025-07-05 21:00:00
Andres Castro,user118@example.com,Ibague,2025-07-05 22:00:00
Sebastian Gomez,user119@example.com,Ibague,2025-07-05 23:00:00
Gabriela Gomez,user120@example.com,Cucuta,2025-07-06 00:00:00
Sebastian Herrera,user121@example.com,Bogota,2025-07-06 01:00:00
Daniela Garcia,user122@example.com,Cartagena,2025-07-06 02:00:00
Nicolas Perez,user123@example.com,Cali,2025-07-06 03:00:00
Sofia Flores,user124@example.com,Pereira,2025-07-06 04:00:00
Daniela Rojas,user125@example.com,Ibague,2025-07-06 05:00:00
Gabriela Ramirez,user126@example.com,Cali,2025-07-06 06:00:00
Diego Medina,user127@example.com,Cucuta,2025-07-06 07:00:00
Sebastian Rojas,user128@example.com,Pereira,2025-07-06 08:00:00
Maria Torres,user129@example.com,Cali,2025-07-06 09:00:00
Gabriela Rojas,user130@example.com,Ibague,2025-07-06 10:00:00
Santiago Gomez,user131@example.com,Bogota,2025-07-06 11:00:00
Gabriela Herrera,user132@example.com,Manizales,2025-07-06 12:00:00
Daniela Ortiz,user133@example.com,Cali,2025-07-06 13:00:00
Mariana Gomez,user134@example.com,Medellin,2025-07-06 14:00:00
Maria Diaz,user135@example.com,Manizales,2025-07-06 15:00:00
Sebastian Gutierrez,user136@example.com,Bogota,2025-07-06 16:00:00
Carlos Jimenez,user137@example.com,Cucuta,2025-07-06 17:00:00
Mateo Ramirez,user138@example.com,Cartagena,2025-07-06 18:00:00
Camila Castillo,user139@example.com,Cali,2025-07-06 19:00:00
Maria Morales,user140@example.com,Bucaramanga,2025-07-06 20:00:00
Felipe Castro,user141@example.com,Barranquilla,2025-07-06 21:00:00
Gabriela Torres,user142@example.com,Medellin,2025-07-06 22:00:00
Luis Romero,user143@example.com,Ibague,2025-07-06 23:00:00
Andres Herrera,user144@example.com,Cartagena,2025-07-07 00:00:00
Felipe Garcia,user145@example.com,Bogota,2025-07-07 01:00:00
Isabella Herrera,user146@example.com,Cartagena,2025-07-07 02:00:00
Andres Rojas,user147@example.com,Ibague,2025-07-07 03:00:00
Isabella Perez,user148@example.com,Bucaramanga,2025-07-07 04:00:00
Mateo Garcia,user149@example.com,Manizales,2025-07-07 05:00:00
Ana Castillo,user150@example.com,Barranquilla,2025-07-07 06:00:00
Andres Jimenez,user151@example.com,Medellin,2025-07-07 07:00:00
Sebastian Jimenez,user152@example.com,Barranquilla,2025-07-07 08:00:00
Sofia Garcia,user153@example.com,Barranquilla,2025-07-07 09:00:00
Felipe Castro,user154@example.com,Cucuta,2025-07-07 10:00:00
Nicolas Vargas,user155@example.com,Barranquilla,2025-07-07 11:00:00
Valentina Garcia,user156@example.com,Manizales,2025-07-07 12:00:00
Camila Flores,user157@example.com,Manizales,2025-07-07 13:00:00
Daniela Medina,user158@example.com,Barranquilla,2025-07-07 14:00:00
Juan Morales,user159@example.com,Cali,2025-07-07 15:00:00
Luis Jimenez,user160@example.com,Cartagena,2025-07-07 16:00:00
Isabella Jimenez,user161@example.com,Cali,2025-07-07 17:00:00
Santiago Castro,user162@example.com,Medellin,2025-07-07 18:00:00
Camila Perez,user163@example.com,Cali,2025-07-07 19:00:00
Camila Gutierrez,user164@example.com,Cali,2025-07-07 20:00:00
Mateo Garcia,user165@example.com,Cartagena,2025-07-07 21:00:00
Santiago Herrera,user166@example.com,Cali,2025-07-07 22:00:00
Mateo Castillo,user167@example.com,Ibague,2025-07-07 23:00:00
Diego Torres,user168@example.com,Cali,2025-07-08 00:00:00
Diego Castillo,user169@example.com,Cucuta,2025-07-08 01:00:00
Ana Vargas,user170@example.com,Bucaramanga,2025-07-08 02:00:00
Santiago Romero,user171@example.com,Medellin,2025-07-08 03:00:00
Maria Ramirez,user172@example.com,Ibague,2025-07-08 04:00:00
Nicolas Rojas,user173@example.com,Manizales,2025-07-08 05:00:00
Luis Torres,user174@example.com,Cartagena,2025-07-08 06:00:00
Carlos Diaz,user175@example.com,Cali,2025-07-08 07:00:00
Ana Medina,user176@example.com,Manizales,2025-07-08 08:00:00
Andres Perez,user177@example.com,Barranquilla,2025-07-08 09:00:00
Camila Ruiz,user178@example.com,Bucaramanga,2025-07-08 10:00:00
Isabella Perez,user179@example.com,Pereira,2025-07-08 11:00:00
Luis Lopez,user180@example.com,Medellin,2025-07-08 12:00:00
Luis Castro,user181@example.com,Medellin,2025-07-08 13:00:00
Daniela Medina,user182@example.com,Cartagena,2025-07-08 14:00:00
Mateo Romero,user183@example.com,Cartagena,2025-07-08 15:00:00
Isabella Morales,user184@example.com,Medellin,2025-07-08 16:00:00
Nicolas Medina,user185@example.com,Manizales,2025-07-08 17:00:00
Juan Flores,user186@example.com,Cali,2025-07-08 18:00:00
Juan Perez,user187@example.com,Bucaramanga,2025-07-08 19:00:00
Mariana Garcia,user188@example.com,Barranquilla,2025-07-08 20:00:00
Juan Ramirez,user189@example.com,Barranquilla,2025-07-08 21:00:00
Isabella Castillo,user190@example.com,Medellin,2025-07-08 22:00:00
Sofia Ruiz,user191@example.com,Manizales,2025-07-08 23:00:00
Andres Herrera,user192@example.com,Cucuta,2025-07-09 00:00:00
Sofia Gomez,user193@example.com,Cali,2025-07-09 01:00:00
Gabriela Perez,user194@example.com,Pereira,2025-07-09 02:00:00
Carlos Herrera,user195@example.com,Cali,2025-07-09 03:00:00
Mariana Rojas,user196@example.com,Manizales,2025-07-09 04:00:00
Daniela Herrera,user197@example.com,Manizales,2025-07-09 05:00:00
Juan Castillo,user198@example.com,Manizales,2025-07-09 06:00:00
Valentina Morales,user199@example.com,Cartagena,2025-07-09 07:00:00
Sofia Ramirez,user200@example.com,Bogota,2025-07-09 08:00:00
Mariana Vargas,user201@example.com,Cali,2025-07-09 09:00:00
Daniela Ruiz,user202@example.com,Bucaramanga,2025-07-09 10:00:00
Santiago Castro,user203@example.com,Bucaramanga,2025-07-09 11:00:00
Andres Medina,user204@example.com,Manizales,2025-07-09 12:00:00
Diego Vargas,user205@example.com,Cartagena,2025-07-09 13:00:00
Gabriela Garcia,user206@example.com,Bucaramanga,2025-07-09 14:00:00
Carlos Torres,user207@example.com,Manizales,2025-07-09 15:00:00
Mateo Diaz,user208@example.com,Cartagena,2025-07-09 16:00:00
Juan Morales,user209@example.com,Medellin,2025-07-09 17:00:00
Nicolas Ortiz,user210@example.com,Cali,2025-07-09 18:00:00
Diego Castro,user211@example.com,Cali,2025-07-09 19:00:00
Andres Medina,user212@example.com,Barranquilla,2025-07-09 20:00:00
Andres Rojas,user213@example.com,Barranquilla,2025-07-09 21:00:00
Isabella Rojas,user214@example.com,Barranquilla,2025-07-09 22:00:00
Juan Torres,user215@example.com,Bucaramanga,2025-07-09 23:00:00
Diego Diaz,user216@example.com,Bogota,2025-07-10 00:00:00
Laura Lopez,user217@example.com,Manizales,2025-07-10 01:00:00
Andres Morales,user218@example.com,Cartagena,2025-07-10 02:00:00
Nicolas Ramirez,user219@example.com,Bogota,2025-07-10 03:00:00
Luis Lopez,user220@example.com,Barranquilla,2025-07-10 04:00:00
Laura Garcia,user221@example.com,Bucaramanga,2025-07-10 05:00:00
Diego Diaz,user222@example.com,Cali,2025-07-10 06:00:00
Sebastian Medina,user223@example.com,Ibague,2025-07-10 07:00:00
Camila Rojas,user224@example.com,Pereira,2025-07-10 08:00:00
Santiago Ruiz,user225@example.com,Cucuta,2025-07-10 09:00:00
Diego Ramirez,user226@example.com,Bucaramanga,2025-07-10 10:00:00
Ana Medina,user227@example.com,Barranquilla,2025-07-10 11:00:00
Daniela Perez,user228@example.com,Medellin,2025-07-10 12:00:00
Nicolas Herrera,user229@example.com,Cucuta,2025-07-10 13:00:00
Daniela Ortiz,user230@example.com,Bucaramanga,2025-07-10 14:00:00
Maria Castillo,user231@example.com,Bogota,2025-07-10 15:00:00
Carlos Castro,user232@example.com,Medellin,2025-07-10 16:00:00
Valentina Perez,user233@example.com,Ibague,2025-07-10 17:00:00
Ana Vargas,user234@example.com,Medellin,2025-07-10 18:00:00
Laura Diaz,user235@example.com,Medellin,2025-07-10 19:00:00
Laura Torres,user236@example.com,Manizales,2025-07-10 20:00:00
Laura Ruiz,user237@example.com,Cali,2025-07-10 21:00:00
Sofia Medina,user238@example.com,Cucuta,2025-07-10 22:00:00
Nicolas Medina,user239@example.com,Pereira,2025-07-10 23:00:00
Ana Medina,user240@example.com,Bucaramanga,2025-07-11 00:00:00
Ana Gomez,user241@example.com,Cucuta,2025-07-11 01:00:00
Sebastian Romero,user242@example.com,Bogota,2025-07-11 02:00:00
Gabriela Torres,user243@example.com,Barranquilla,2025-07-11 03:00:00
Ana Lopez,user244@example.com,Bogota,2025-07-11 04:00:00
Santiago Castillo,user245@example.com,Cali,2025-07-11 05:00:00
Camila Romero,user246@example.com,Bogota,2025-07-11 06:00:00
Luis Rojas,user247@example.com,Cartagena,2025-07-11 07:00:00
Carlos Rojas,user248@example.com,Pereira,2025-07-11 08:00:00
Ana Ruiz,user249@example.com,Pereira,2025-07-11 09:00:00
Gabriela Morales,user250@example.com,Pereira,2025-07-11 10:00:00
Diego Gomez,user251@example.com,Barranquilla,2025-07-11 11:00:00
Felipe Ramirez,user252@example.com,Ibague,2025-07-11 12:00:00
Sebastian Gutierrez,user253@example.com,Cucuta,2025-07-11 13:00:00
Sebastian Gomez,user254@example.com,Cucuta,2025-07-11 14:00:00
Carlos Torres,user255@example.com,Medellin,2025-07-11 15:00:00
Santiago Diaz,user256@example.com,Medellin,2025-07-11 16:00:00
Nicolas Flores,user257@example.com,Medellin,2025-07-11 17:00:00
Carlos Ruiz,user258@example.com,Cucuta,2025-07-11 18:00:00
Maria Flores,user259@example.com,Cali,2025-07-11 19:00:00
Ana Morales,user260@example.com,Barranquilla,2025-07-11 20:00:00
Carlos Gomez,user261@example.com,Bucaramanga,2025-07-11 21:00:00
Camila Ortiz,user262@example.com,Cali,2025-07-11 22:00:00
Maria Romero,user263@example.com,Manizales,2025-07-11 23:00:00
Luis Castro,user264@example.com,Cali,2025-07-12 00:00:00
Maria Vargas,user265@example.com,Cucuta,2025-07-12 01:00:00
Gabriela Herrera,user266@example.com,Bucaramanga,2025-07-12 02:00:00
Gabriela Jimenez,user267@example.com,Barranquilla,2025-07-12 03:00:00
Maria Vargas,user268@example.com,Bogota,2025-07-12 04:00:00
Andres Perez,user269@example.com,Manizales,2025-07-12 05:00:00
Mateo Vargas,user270@example.com,Pereira,2025-07-12 06:00:00
Daniela Romero,user271@example.com,Pereira,2025-07-12 07:00:00
Sofia Lopez,user272@example.com,Manizales,2025-07-12 08:00:00
Mateo Castillo,user273@example.com,Cucuta,2025-07-12 09:00:00
Sofia Jimenez,user274@example.com,Pereira,2025-07-12 10:00:00
Andres Gutierrez,user275@example.com,Bogota,2025-07-12 11:00:00
Mateo Romero,user276@example.com,Ibague,2025-07-12 12:00:00
Carlos Vargas,user277@example.com,Manizales,2025-07-12 13:00:00
Mariana Herrera,user278@example.com,Medellin,2025-07-12 14:00:00
Sofia Romero,user279@example.com,Bucaramanga,2025-07-12 15:00:00
Gabriela Rojas,user280@example.com,Cartagena,2025-07-12 16:00:00
Diego Jimenez,user281@example.com,Manizales,2025-07-12 17:00:00
Isabella Morales,user282@example.com,Cartagena,2025-07-12 18:00:00
Juan Diaz,user283@example.com,Cartagena,2025-07-12 19:00:00
Sebastian Ortiz,user284@example.com,Bucaramanga,2025-07-12 20:00:00
Luis Ruiz,user285@example.com,Bogota,2025-07-12 21:00:00
Felipe Garcia,user286@example.com,Cartagena,2025-07-12 22:00:00
Valentina Diaz,user287@example.com,Bucaramanga,2025-07-12 23:00:00
Laura Diaz,user288@example.com,Cali,2025-07-13 00:00:00
Mateo Herrera,user289@example.com,Ibague,2025-07-13 01:00:00
Nicolas Medina,user290@example.com,Cucuta,2025-07-13 02:00:00
Luis Herrera,user291@example.com,Medellin,2025-07-13 03:00:00
Andres Herrera,user292@example.com,Bogota,2025-07-13 04:00:00
Nicolas Herrera,user293@example.com,Barranquilla,2025-07-13 05:00:00
Mateo Vargas,user294@example.com,Manizales,2025-07-13 06:00:00
Juan Herrera,user295@example.com,Pereira,2025-07-13 07:00:00
Isabella Ruiz,user296@example.com,Ibague,2025-07-13 08:00:00
Daniela Ortiz,user297@example.com,Ibague,2025-07-13 09:00:00
Ana Jimenez,user298@example.com,Manizales,2025-07-13 10:00:00
Mateo Flores,user299@example.com,Manizales,2025-07-13 11:00:00
Isabella Castro,user300@example.com,Pereira,2025-07-13 12:00:00
Mateo Ramirez,user301@example.com,Cucuta,2025-07-13 13:00:00
Luis Gomez,user302@example.com,Ibague,2025-07-13 14:00:00
Felipe Herrera,user303@example.com,Cartagena,2025-07-13 15:00:00
Sebastian Vargas,user304@example.com,Cartagena,2025-07-13 16:00:00
Andres Ramirez,user305@example.com,Cartagena,2025-07-13 17:00:00
Andres Medina,user306@example.com,Bogota,2025-07-13 18:00:00
Mariana Morales,user307@example.com,Bucaramanga,2025-07-13 19:00:00
Nicolas Gutierrez,user308@example.com,Medellin,2025-07-13 20:00:00
Diego Ramirez,user309@example.com,Medellin,2025-07-13 21:00:00
Carlos Flores,user310@example.com,Ibague,2025-07-13 22:00:00
Andres Ruiz,user311@example.com,Cali,2025-07-13 23:00:00
Nicolas Perez,user312@example.com,Manizales,2025-07-14 00:00:00
Camila Vargas,user313@example.com,Cucuta,2025-07-14 01:00:00
Luis Rojas,user314@example.com,Barranquilla,2025-07-14 02:00:00
Valentina Diaz,user315@example.com,Barranquilla,2025-07-14 03:00:00
Mateo Rojas,user316@example.com,Cartagena,2025-07-14 04:00:00
Isabella Flores,user317@example.com,Bogota,2025-07-14 05:00:00
Daniela Lopez,user318@example.com,Ibague,2025-07-14 06:00:00
Sebastian Jimenez,user319@example.com,Ibague,2025-07-14 07:00:00
Isabella Ruiz,user320@example.com,Manizales,2025-07-14 08:00:00
Maria Morales,user321@example.com,Medellin,2025-07-14 09:00:00
Valentina Diaz,user322@example.com,Barranquilla,2025-07-14 10:00:00
Maria Garcia,user323@example.com,Ibague,2025-07-14 11:00:00
Daniela Diaz,user324@example.com,Cali,2025-07-14 12:00:00
Maria Ortiz,user325@example.com,Cali,2025-07-14 13:00:00
Maria Castillo,user326@example.com,Cali,2025-07-14 14:00:00
Carlos Diaz,user327@example.com,Ibague,2025-07-14 15:00:00
Sebastian Romero,user328@example.com,Bogota,2025-07-14 16:00:00
Isabella Diaz,user329@example.com,Bogota,2025-07-14 17:00:00
Carlos Morales,user330@example.com,Manizales,2025-07-14 18:00:00
Isabella Lopez,user331@example.com,Bucaramanga,2025-07-14 19:00:00
Andres Castro,user332@example.com,Pereira,2025-07-14 20:00:00
Valentina Rojas,user333@example.com,Pereira,2025-07-14 21:00:00
Valentina Castillo,user334@example.com,Bogota,2025-07-14 22:00:00
Daniela Gutierrez,user335@example.com,Pereira,2025-07-14 23:00:00
Ana Morales,user336@example.com,Pereira,2025-07-15 00:00:00
Maria Perez,user337@example.com,Cartagena,2025-07-15 01:00:00
Camila Castillo,user338@example.com,Bogota,2025-07-15 02:00:00
Mariana Lopez,user339@example.com,Ibague,2025-07-15 03:00:00
Carlos Romero,user340@example.com,Pereira,2025-07-15 04:00:00
Ana Ruiz,user341@example.com,Ibague,2025-07-15 05:00:00
Daniela Perez,user342@example.com,Cartagena,2025-07-15 06:00:00
Mateo Romero,user343@example.com,Manizales,2025-07-15 07:00:00
Camila Torres,user344@example.com,Manizales,2025-07-15 08:00:00
Gabriela Garcia,user345@example.com,Barranquilla,2025-07-15 09:00:00
Mateo Perez,user346@example.com,Bucaramanga,2025-07-15 10:00:00
Ana Castillo,user347@example.com,Medellin,2025-07-15 11:00:00
Luis Vargas,user348@example.com,Ibague,2025-07-15 12:00:00
Camila Gomez,user349@example.com,Bucaramanga,2025-07-15 13:00:00
Andres Jimenez,user350@example.com,Barranquilla,2025-07-15 14:00:00
Nicolas Castro,user351@example.com,Medellin,2025-07-15 15:00:00
Nicolas Diaz,user352@example.com,Cartagena,2025-07-15 16:00:00
Valentina Gomez,user353@example.com,Medellin,2025-07-15 17:00:00
Daniela Castro,user354@example.com,Cali,2025-07-15 18:00:00
Sofia Rojas,user355@example.com,Bucaramanga,2025-07-15 19:00:00
Luis Gomez,user356@example.com,Manizales,2025-07-15 20:00:00
Andres Gutierrez,user357@example.com,Ibague,2025-07-15 21:00:00
Ana Gutierrez,user358@example.com,Manizales,2025-07-15 22:00:00
Gabriela Ramirez,user359@example.com,Cali,2025-07-15 23:00:00
Mariana Ramirez,user360@example.com,Medellin,2025-07-16 00:00:00
Luis Diaz,user361@example.com,Bucaramanga,2025-07-16 01:00:00
Nicolas Herrera,user362@example.com,Manizales,2025-07-16 02:00:00
Gabriela Jimenez,user363@example.com,Cucuta,2025-07-16 03:00:00
Diego Gomez,user364@example.com,Ibague,2025-07-16 04:00:00
Andres Ramirez,user365@example.com,Bogota,2025-07-16 05:00:00
Ana Ruiz,user366@example.com,Bogota,2025-07-16 06:00:00
Isabella Gutierrez,user367@example.com,Pereira,2025-07-16 07:00:00
Gabriela Vargas,user368@example.com,Manizales,2025-07-16 08:00:00
Andres Medina,user369@example.com,Manizales,2025-07-16 09:00:00
Sofia Torres,user370@example.com,Bogota,2025-07-16 10:00:00
Nicolas Garcia,user371@example.com,Barranquilla,2025-07-16 11:00:00
Valentina Medina,user372@example.com,Bucaramanga,2025-07-16 12:00:00
Santiago Flores,user373@example.com,Ibague,2025-07-16 13:00:00
Luis Flores,user374@example.com,Pereira,2025-07-16 14:00:00
Maria Jimenez,user375@example.com,Ibague,2025-07-16 15:00:00
Camila Gutierrez,user376@example.com,Cali,2025-07-16 16:00:00
Santiago Gutierrez,user377@example.com,Bogota,2025-07-16 17:00:00
Maria Ortiz,user378@example.com,Bucaramanga,2025-07-16 18:00:00
Maria Ramirez,user379@example.com,Medellin,2025-07-16 19:00:00
Andres Gomez,user380@example.com,Manizales,2025-07-16 20:00:00
Isabella Medina,user381@example.com,Bucaramanga,2025-07-16 21:00:00
Gabriela Gutierrez,user382@example.com,Cucuta,2025-07-16 22:00:00
Daniela Gomez,user383@example.com,Medellin,2025-07-16 23:00:00
Carlos Diaz,user384@example.com,Medellin,2025-07-17 00:00:00
Laura Medina,user385@example.com,Barranquilla,2025-07-17 01:00:00
Laura Herrera,user386@example.com,Bogota,2025-07-17 02:00:00
Luis Morales,user387@example.com,Cucuta,2025-07-17 03:00:00
Laura Lopez,user388@example.com,Cali,2025-07-17 04:00:00
Juan Gutierrez,user389@example.com,Bogota,2025-07-17 05:00:00
Camila Rojas,user390@example.com,Medellin,2025-07-17 06:00:00
Valentina Morales,user391@example.com,Cucuta,2025-07-17 07:00:00
Sofia Flores,user392@example.com,Pereira,2025-07-17 08:00:00
Santiago Gutierrez,user393@example.com,Cartagena,2025-07-17 09:00:00
Daniela Ortiz,user394@example.com,Bogota,2025-07-17 10:00:00
Sebastian Medina,user395@example.com,Cali,2025-07-17 11:00:00
Camila Romero,user396@example.com,Manizales,2025-07-17 12:00:00
Isabella Jimenez,user397@example.com,Barranquilla,2025-07-17 13:00:00
Mateo Ramirez,user398@example.com,Medellin,2025-07-17 14:00:00
Laura Medina,user399@example.com,Bogota,2025-07-17 15:00:00
Sofia Garcia,user400@example.com,Cucuta,2025-07-17 16:00:00
Felipe Romero,user401@example.com,Barranquilla,2025-07-17 17:00:00
Daniela Diaz,user402@example.com,Barranquilla,2025-07-17 18:00:00
Nicolas Jimenez,user403@example.com,Medellin,2025-07-17 19:00:00
Mateo Perez,user404@example.com,Ibague,2025-07-17 20:00:00
Juan Vargas,user405@example.com,Pereira,2025-07-17 21:00:00
Santiago Vargas,user406@example.com,Cali,2025-07-17 22:00:00
Maria Castillo,user407@example.com,Medellin,2025-07-17 23:00:00
Mariana Herrera,user408@example.com,Bogota,2025-07-18 00:00:00
Daniela Castillo,user409@example.com,Medellin,2025-07-18 01:00:00
Diego Diaz,user410@example.com,Cucuta,2025-07-18 02:00:00
Juan Garcia,user411@example.com,Pereira,2025-07-18 03:00:00
Ana Castro,user412@example.com,Cali,2025-07-18 04:00:00
Santiago Gomez,user413@example.com,Medellin,2025-07-18 05:00:00
Juan Rojas,user414@example.com,Medellin,2025-07-18 06:00:00
Nicolas Ramirez,user415@example.com,Medellin,2025-07-18 07:00:00
Ana Ruiz,user416@example.com,Bogota,2025-07-18 08:00:00
Andres Ruiz,user417@example.com,Cucuta,2025-07-18 09:00:00
Laura Ruiz,user418@example.com,Cartagena,2025-07-18 10:00:00
Luis Flores,user419@example.com,Manizales,2025-07-18 11:00:00
Isabella Romero,user420@example.com,Medellin,2025-07-18 12:00:00
Carlos Garcia,user421@example.com,Bogota,2025-07-18 13:00:00
Ana Vargas,user422@example.com,Ibague,2025-07-18 14:00:00
Gabriela Garcia,user423@example.com,Bogota,2025-07-18 15:00:00
Laura Ruiz,user424@example.com,Bogota,2025-07-18 16:00:00
Mateo Garcia,user425@example.com,Bogota,2025-07-18 17:00:00
Sebastian Castillo,user426@example.com,Cartagena,2025-07-18 18:00:00
Santiago Flores,user427@example.com,Cartagena,2025-07-18 19:00:00
Isabella Torres,user428@example.com,Cartagena,2025-07-18 20:00:00
Andres Castro,user429@example.com,Bucaramanga,2025-07-18 21:00:00
Isabella Flores,user430@example.com,Cartagena,2025-07-18 22:00:00
Juan Torres,user431@example.com,Cali,2025-07-18 23:00:00
Ana Torres,user432@example.com,Cucuta,2025-07-19 00:00:00
Laura Garcia,user433@example.com,Pereira,2025-07-19 01:00:00
Nicolas Diaz,user434@example.com,Pereira,2025-07-19 02:00:00
Isabella Ortiz,user435@example.com,Cartagena,2025-07-19 03:00:00
Laura Castillo,user436@example.com,Pereira,2025-07-19 04:00:00
Maria Medina,user437@example.com,Cucuta,2025-07-19 05:00:00
Gabriela Gutierrez,user438@example.com,Barranquilla,2025-07-19 06:00:00
Laura Ramirez,user439@example.com,Medellin,2025-07-19 07:00:00
Diego Castillo,user440@example.com,Medellin,2025-07-19 08:00:00
Valentina Jimenez,user441@example.com,Bogota,2025-07-19 09:00:00
Valentina Lopez,user442@example.com,Barranquilla,2025-07-19 10:00:00
Felipe Perez,user443@example.com,Medellin,2025-07-19 11:00:00
Maria Medina,user444@example.com,Bogota,2025-07-19 12:00:00
Santiago Vargas,user445@example.com,Barranquilla,2025-07-19 13:00:00
Gabriela Lopez,user446@example.com,Cartagena,2025-07-19 14:00:00
Mariana Diaz,user447@example.com,Manizales,2025-07-19 15:00:00
Santiago Castillo,user448@example.com,Bogota,2025-07-19 16:00:00
Carlos Castillo,user449@example.com,Barranquilla,2025-07-19 17:00:00
Juan Gomez,user450@example.com,Cali,2025-07-19 18:00:00
Nicolas Medina,user451@example.com,Pereira,2025-07-19 19:00:00
Laura Gutierrez,user452@example.com,Barranquilla,2025-07-19 20:00:00
Mariana Medina,user453@example.com,Cali,2025-07-19 21:00:00
Santiago Vargas,user454@example.com,Medellin,2025-07-19 22:00:00
Mariana Garcia,user455@example.com,Bucaramanga,2025-07-19 23:00:00
Felipe Ruiz,user456@example.com,Bucaramanga,2025-07-20 00:00:00
Santiago Ramirez,user457@example.com,Manizales,2025-07-20 01:00:00
Ana Vargas,user458@example.com,Bogota,2025-07-20 02:00:00
Santiago Garcia,user459@example.com,Cucuta,2025-07-20 03:00:00
Valentina Gomez,user460@example.com,Cartagena,2025-07-20 04:00:00
Isabella Vargas,user461@example.com,Ibague,2025-07-20 05:00:00
Camila Ramirez,user462@example.com,Medellin,2025-07-20 06:00:00
Gabriela Flores,user463@example.com,Cali,2025-07-20 07:00:00
Juan Gutierrez,user464@example.com,Cali,2025-07-20 08:00:00
Valentina Flores,user465@example.com,Medellin,2025-07-20 09:00:00
Andres Morales,user466@example.com,Manizales,2025-07-20 10:00:00
Gabriela Diaz,user467@example.com,Barranquilla,2025-07-20 11:00:00
Juan Castro,user468@example.com,Cucuta,2025-07-20 12:00:00
Luis Ruiz,user469@example.com,Pereira,2025-07-20 13:00:00
Mariana Ortiz,user470@example.com,Cartagena,2025-07-20 14:00:00
Carlos Ortiz,user471@example.com,Pereira,2025-07-20 15:00:00
Juan Lopez,user472@example.com,Cucuta,2025-07-20 16:00:00
Felipe Jimenez,user473@example.com,Manizales,2025-07-20 17:00:00
Valentina Romero,user474@example.com,Cali,2025-07-20 18:00:00
Maria Morales,user475@example.com,Barranquilla,2025-07-20 19:00:00
Sofia Medina,user476@example.com,Ibague,2025-07-20 20:00:00
Camila Medina,user477@example.com,Cucuta,2025-07-20 21:00:00
Daniela Rojas,user478@example.com,Pereira,2025-07-20 22:00:00
Valentina Flores,user479@example.com,Medellin,2025-07-20 23:00:00
Daniela Ramirez,user480@example.com,Barranquilla,2025-07-21 00:00:00
Isabella Romero,user481@example.com,Pereira,2025-07-21 01:00:00
Isabella Ortiz,user482@example.com,Medellin,2025-07-21 02:00:00
Nicolas Gomez,user483@example.com,Manizales,2025-07-21 03:00:00
Camila Torres,user484@example.com,Barranquilla,2025-07-21 04:00:00
Mariana Castillo,user485@example.com,Cartagena,2025-07-21 05:00:00
Felipe Vargas,user486@example.com,Bucaramanga,2025-07-21 06:00:00
Sofia Ortiz,user487@example.com,Cucuta,2025-07-21 07:00:00
Sebastian Gutierrez,user488@example.com,Cali,2025-07-21 08:00:00
Daniela Torres,user489@example.com,Bucaramanga,2025-07-21 09:00:00
Sofia Flores,user490@example.com,Barranquilla,2025-07-21 10:00:00
Carlos Ramirez,user491@example.com,Barranquilla,2025-07-21 11:00:00
Mateo Ramirez,user492@example.com,Cali,2025-07-21 12:00:00
Sofia Jimenez,user493@example.com,Bogota,2025-07-21 13:00:00
Sofia Ortiz,user494@example.com,Medellin,2025-07-21 14:00:00
Santiago Perez,user495@example.com,Cucuta,2025-07-21 15:00:00
Daniela Castillo,user496@example.com,Bucaramanga,2025-07-21 16:00:00
Felipe Gutierrez,user497@example.com,Bogota,2025-07-21 17:00:00
Camila Jimenez,user498@example.com,Pereira,2025-07-21 18:00:00
Maria Jimenez,user499@example.com,Cucuta,2025-07-21 19:00:00
Santiago Herrera,user500@example.com,Cali,2025-07-21 20:00:00
Mariana Gutierrez,user501@example.com,Barranquilla,2025-07-21 21:00:00
Isabella Perez,user502@example.com,Ibague,2025-07-21 22:00:00
Luis Garcia,user503@example.com,Medellin,2025-07-21 23:00:00
Gabriela Flores,user504@example.com,Medellin,2025-07-22 00:00:00
Sebastian Medina,user505@example.com,Bogota,2025-07-22 01:00:00
Mariana Rojas,user506@example.com,Ibague,2025-07-22 02:00:00
Andres Gomez,user507@example.com,Cartagena,2025-07-22 03:00:00
Sebastian Medina,user508@example.com,Cartagena,2025-07-22 04:00:00
Diego Ortiz,user509@example.com,Medellin,2025-07-22 05:00:00
Sofia Medina,user510@example.com,Bucaramanga,2025-07-22 06:00:00
Ana Lopez,user511@example.com,Barranquilla,2025-07-22 07:00:00
Mateo Castro,user512@example.com,Cartagena,2025-07-22 08:00:00
Sofia Romero,user513@example.com,Cali,2025-07-22 09:00:00
Valentina Medina,user514@example.com,Cucuta,2025-07-22 10:00:00
Nicolas Romero,user515@example.com,Manizales,2025-07-22 11:00:00
Sofia Perez,user516@example.com,Bucaramanga,2025-07-22 12:00:00
Ana Rojas,user517@example.com,Barranquilla,2025-07-22 13:00:00
Santiago Castro,user518@example.com,Manizales,2025-07-22 14:00:00
Camila Ortiz,user519@example.com,Manizales,2025-07-22 15:00:00
Camila Morales,user520@example.com,Bogota,2025-07-22 16:00:00
Luis Gutierrez,user521@example.com,Barranquilla,2025-07-22 17:00:00
Santiago Ruiz,user522@example.com,Pereira,2025-07-22 18:00:00
Sebastian Medina,user523@example.com,Bucaramanga,2025-07-22 19:00:00
Luis Gutierrez,user524@example.com,Bogota,2025-07-22 20:00:00
Mariana Gomez,user525@example.com,Cartagena,2025-07-22 21:00:00
Gabriela Herrera,user526@example.com,Cartagena,2025-07-22 22:00:00
Andres Torres,user527@example.com,Manizales,2025-07-22 23:00:00
Laura Ramirez,user528@example.com,Ibague,2025-07-23 00:00:00
Nicolas Ramirez,user529@example.com,Pereira,2025-07-23 01:00:00
Valentina Diaz,user530@example.com,Bucaramanga,2025-07-23 02:00:00
Ana Gomez,user531@example.com,Pereira,2025-07-23 03:00:00
Laura Flores,user532@example.com,Manizales,2025-07-23 04:00:00
Valentina Gutierrez,user533@example.com,Barranquilla,2025-07-23 05:00:00
Sebastian Lopez,user534@example.com,Bucaramanga,2025-07-23 06:00:00
Mateo Flores,user535@example.com,Cucuta,2025-07-23 07:00:00
Juan Castillo,user536@example.com,Bogota,2025-07-23 08:00:00
Laura Gomez,user537@example.com,Manizales,2025-07-23 09:00:00
Mariana Castro,user538@example.com,Cartagena,2025-07-23 10:00:00
Juan Perez,user539@example.com,Cartagena,2025-07-23 11:00:00
Valentina Perez,user540@example.com,Cucuta,2025-07-23 12:00:00
Maria Garcia,user541@example.com,Manizales,2025-07-23 13:00:00
Daniela Gutierrez,user542@example.com,Bogota,2025-07-23 14:00:00
Andres Jimenez,user543@example.com,Medellin,2025-07-23 15:00:00
Santiago Castillo,user544@example.com,Pereira,2025-07-23 16:00:00
Felipe Flores,user545@example.com,Bogota,2025-07-23 17:00:00
Maria Ruiz,user546@example.com,Cucuta,2025-07-23 18:00:00
Daniela Rojas,user547@example.com,Cucuta,2025-07-23 19:00:00
Maria Ruiz,user548@example.com,Manizales,2025-07-23 20:00:00
Valentina Castro,user549@example.com,Manizales,2025-07-23 21:00:00
Isabella Perez,user550@example.com,Medellin,2025-07-23 22:00:00
Sebastian Torres,user551@example.com,Barranquilla,2025-07-23 23:00:00
Gabriela Medina,user552@example.com,Barranquilla,2025-07-24 00:00:00
Santiago Jimenez,user553@example.com,Cali,2025-07-24 01:00:00
Daniela Gomez,user554@example.com,Manizales,2025-07-24 02:00:00
Sebastian Castro,user555@example.com,Medellin,2025-07-24 03:00:00
Mateo Medina,user556@example.com,Bogota,2025-07-24 04:00:00
Nicolas Gomez,user557@example.com,Medellin,2025-07-24 05:00:00
Diego Garcia,user558@example.com,Medellin,2025-07-24 06:00:00
Maria Jimenez,user559@example.com,Cali,2025-07-24 07:00:00
Luis Ruiz,user560@example.com,Cartagena,2025-07-24 08:00:00
Gabriela Diaz,user561@example.com,Medellin,2025-07-24 09:00:00
Santiago Castillo,user562@example.com,Manizales,2025-07-24 10:00:00
Santiago Castillo,user563@example.com,Barranquilla,2025-07-24 11:00:00
Ana Torres,user564@example.com,Cali,2025-07-24 12:00:00
Laura Gutierrez,user565@example.com,Bogota,2025-07-24 13:00:00
Laura Medina,user566@example.com,Ibague,2025-07-24 14:00:00
Daniela Medina,user567@example.com,Ibague,2025-07-24 15:00:00
Laura Flores,user568@example.com,Bogota,2025-07-24 16:00:00
Luis Rojas,user569@example.com,Ibague,2025-07-24 17:00:00
Maria Ruiz,user570@example.com,Barranquilla,2025-07-24 18:00:00
Juan Castillo,user571@example.com,Ibague,2025-07-24 19:00:00
Santiago Rojas,user572@example.com,Ibague,2025-07-24 20:00:00
Daniela Gomez,user573@example.com,Bogota,2025-07-24 21:00:00
Laura Romero,user574@example.com,Medellin,2025-07-24 22:00:00
Maria Torres,user575@example.com,Pereira,2025-07-24 23:00:00
Nicolas Medina,user576@example.com,Manizales,2025-07-25 00:00:00
Santiago Gomez,user577@example.com,Bucaramanga,2025-07-25 01:00:00
Laura Gutierrez,user578@example.com,Pereira,2025-07-25 02:00:00
Maria Ruiz,user579@example.com,Barranquilla,2025-07-25 03:00:00
Sebastian Castillo,user580@example.com,Bucaramanga,2025-07-25 04:00:00
Mateo Ortiz,user581@example.com,Manizales,2025-07-25 05:00:00
Camila Ortiz,user582@example.com,Pereira,2025-07-25 06:00:00
Felipe Perez,user583@example.com,Cartagena,2025-07-25 07:00:00
Gabriela Gomez,user584@example.com,Pereira,2025-07-25 08:00:00
Ana Morales,user585@example.com,Bogota,2025-07-25 09:00:00
Nicolas Ramirez,user586@example.com,Cartagena,2025-07-25 10:00:00
Laura Lopez,user587@example.com,Bogota,2025-07-25 11:00:00
Mariana Flores,user588@example.com,Barranquilla,2025-07-25 12:00:00
Sebastian Jimenez,user589@example.com,Cucuta,2025-07-25 13:00:00
Maria Torres,user590@example.com,Manizales,2025-07-25 14:00:00
Nicolas Perez,user591@example.com,Pereira,2025-07-25 15:00:00
Daniela Castillo,user592@example.com,Bogota,2025-07-25 16:00:00
Mateo Herrera,user593@example.com,Pereira,2025-07-25 17:00:00
Andres Medina,user594@example.com,Medellin,2025-07-25 18:00:00
Daniela Diaz,user595@example.com,Cali,2025-07-25 19:00:00
Mateo Ruiz,user596@example.com,Pereira,2025-07-25 20:00:00
Diego Jimenez,user597@example.com,Bogota,2025-07-25 21:00:00
Laura Jimenez,user598@example.com,Cartagena,2025-07-25 22:00:00
Luis Ramirez,user599@example.com,Barranquilla,2025-07-25 23:00:00
Nicolas Flores,user600@example.com,Cali,2025-07-26 00:00:00
Ana Lopez,user601@example.com,Ibague,2025-07-26 01:00:00
Felipe Flores,user602@example.com,Manizales,2025-07-26 02:00:00
Camila Castro,user603@example.com,Cucuta,2025-07-26 03:00:00
Daniela Ramirez,user604@example.com,Barranquilla,2025-07-26 04:00:00
Laura Flores,user605@example.com,Cucuta,2025-07-26 05:00:00
Isabella Gomez,user606@example.com,Bucaramanga,2025-07-26 06:00:00
Isabella Vargas,user607@example.com,Cartagena,2025-07-26 07:00:00
Maria Flores,user608@example.com,Cartagena,2025-07-26 08:00:00
Camila Herrera,user609@example.com,Cali,2025-07-26 09:00:00
Andres Medina,user610@example.com,Pereira,2025-07-26 10:00:00
Laura Flores,user611@example.com,Cucuta,2025-07-26 11:00:00
Luis Perez,user612@example.com,Cartagena,2025-07-26 12:00:00
Luis Ortiz,user613@example.com,Ibague,2025-07-26 13:00:00
Mariana Lopez,user614@example.com,Bucaramanga,2025-07-26 14:00:00
Maria Ortiz,user615@example.com,Medellin,2025-07-26 15:00:00
Valentina Gomez,user616@example.com,Cali,2025-07-26 16:00:00
Laura Castillo,user617@example.com,Pereira,2025-07-26 17:00:00
Mateo Morales,user618@example.com,Barranquilla,2025-07-26 18:00:00
Luis Lopez,user619@example.com,Pereira,2025-07-26 19:00:00
Sofia Flores,user620@example.com,Bucaramanga,2025-07-26 20:00:00
Mateo Flores,user621@example.com,Bogota,2025-07-26 21:00:00
Gabriela Gutierrez,user622@example.com,Pereira,2025-07-26 22:00:00
Carlos Diaz,user623@example.com,Ibague,2025-07-26 23:00:00
Gabriela Ruiz,user624@example.com,Cucuta,2025-07-27 00:00:00
Daniela Vargas,user625@example.com,Barranquilla,2025-07-27 01:00:00
Daniela Gutierrez,user626@example.com,Ibague,2025-07-27 02:00:00
Gabriela Castillo,user627@example.com,Bucaramanga,2025-07-27 03:00:00
Daniela Flores,user628@example.com,Ibague,2025-07-27 04:00:00
Juan Ruiz,user629@example.com,Medellin,2025-07-27 05:00:00
Diego Jimenez,user630@example.com,Pereira,2025-07-27 06:00:00
Diego Gomez,user631@example.com,Medellin,2025-07-27 07:00:00
Sofia Perez,user632@example.com,Bucaramanga,2025-07-27 08:00:00
Laura Flores,user633@example.com,Manizales,2025-07-27 09:00:00
Diego Garcia,user634@example.com,Bucaramanga,2025-07-27 10:00:00
Gabriela Rojas,user635@example.com,Medellin,2025-07-27 11:00:00
Nicolas Medina,user636@example.com,Ibague,2025-07-27 12:00:00
Juan Gomez,user637@example.com,Cali,2025-07-27 13:00:00
Camila Gutierrez,user638@example.com,Barranquilla,2025-07-27 14:00:00
Maria Ramirez,user639@example.com,Medellin,2025-07-27 15:00:00
Mateo Perez,user640@example.com,Cali,2025-07-27 16:00:00
Ana Flores,user641@example.com,Barranquilla,2025-07-27 17:00:00
Carlos Medina,user642@example.com,Bucaramanga,2025-07-27 18:00:00
Camila Lopez,user643@example.com,Cali,2025-07-27 19:00:00
Mariana Perez,user644@example.com,Cali,2025-07-27 20:00:00
Sebastian Romero,user645@example.com,Ibague,2025-07-27 21:00:00
Daniela Ortiz,user646@example.com,Cali,2025-07-27 22:00:00
Mateo Ortiz,user647@example.com,Manizales,2025-07-27 23:00:00
Juan Lopez,user648@example.com,Manizales,2025-07-28 00:00:00
Andres Vargas,user649@example.com,Pereira,2025-07-28 01:00:00
Nicolas Castro,user650@example.com,Manizales,2025-07-28 02:00:00
Andres Herrera,user651@example.com,Bucaramanga,2025-07-28 03:00:00
Mariana Romero,user652@example.com,Bogota,2025-07-28 04:00:00
Sofia Flores,user653@example.com,Bucaramanga,2025-07-28 05:00:00
Sofia Ortiz,user654@example.com,Pereira,2025-07-28 06:00:00
Mateo Romero,user655@example.com,Bucaramanga,2025-07-28 07:00:00
Santiago Herrera,user656@example.com,Cali,2025-07-28 08:00:00
Mariana Castillo,user657@example.com,Bogota,2025-07-28 09:00:00
Felipe Flores,user658@example.com,Manizales,2025-07-28 10:00:00
Ana Gomez,user659@example.com,Bogota,2025-07-28 11:00:00
Valentina Ramirez,user660@example.com,Bucaramanga,2025-07-28 12:00:00
Valentina Morales,user661@example.com,Cali,2025-07-28 13:00:00
Maria Perez,user662@example.com,Pereira,2025-07-28 14:00:00
Juan Torres,user663@example.com,Medellin,2025-07-28 15:00:00
Camila Ortiz,user664@example.com,Cucuta,2025-07-28 16:00:00
Mateo Garcia,user665@example.com,Cali,2025-07-28 17:00:00
Santiago Diaz,user666@example.com,Ibague,2025-07-28 18:00:00
Juan Gutierrez,user667@example.com,Manizales,2025-07-28 19:00:00
Luis Herrera,user668@example.com,Cartagena,2025-07-28 20:00:00
Sofia Ortiz,user669@example.com,Bucaramanga,2025-07-28 21:00:00
Sebastian Gomez,user670@example.com,Cartagena,2025-07-28 22:00:00
Diego Lopez,user671@example.com,Bucaramanga,2025-07-28 23:00:00
Gabriela Rojas,user672@example.com,Pereira,2025-07-29 00:00:00
Isabella Ortiz,user673@example.com,Bogota,2025-07-29 01:00:00
Diego Lopez,user674@example.com,Cucuta,2025-07-29 02:00:00
Valentina Castro,user675@example.com,Medellin,2025-07-29 03:00:00
Santiago Jimenez,user676@example.com,Bogota,2025-07-29 04:00:00
Valentina Morales,user677@example.com,Cartagena,2025-07-29 05:00:00
Camila Gutierrez,user678@example.com,Cucuta,2025-07-29 06:00:00
Camila Ramirez,user679@example.com,Cali,2025-07-29 07:00:00
Andres Romero,user680@example.com,Pereira,2025-07-29 08:00:00
Gabriela Jimenez,user681@example.com,Medellin,2025-07-29 09:00:00
Laura Jimenez,user682@example.com,Bogota,2025-07-29 10:00:00
Felipe Rojas,user683@example.com,Barranquilla,2025-07-29 11:00:00
Sebastian Garcia,user684@example.com,Ibague,2025-07-29 12:00:00
Sofia Vargas,user685@example.com,Medellin,2025-07-29 13:00:00
Daniela Flores,user686@example.com,Manizales,2025-07-29 14:00:00
Sebastian Jimenez,user687@example.com,Cali,2025-07-29 15:00:00
Carlos Ortiz,user688@example.com,Cali,2025-07-29 16:00:00
Isabella Castro,user689@example.com,Pereira,2025-07-29 17:00:00
Juan Ramirez,user690@example.com,Medellin,2025-07-29 18:00:00
Isabella Gomez,user691@example.com,Barranquilla,2025-07-29 19:00:00
Daniela Ramirez,user692@example.com,Cali,2025-07-29 20:00:00
Laura Morales,user693@example.com,Pereira,2025-07-29 21:00:00
Mateo Vargas,user694@example.com,Manizales,2025-07-29 22:00:00
Felipe Medina,user695@example.com,Bucaramanga,2025-07-29 23:00:00
Maria Ramirez,user696@example.com,Manizales,2025-07-30 00:00:00
Isabella Morales,user697@example.com,Ibague,2025-07-30 01:00:00
Diego Medina,user698@example.com,Cartagena,2025-07-30 02:00:00
Santiago Castillo,user699@example.com,Pereira,2025-07-30 03:00:00
Nicolas Torres,user700@example.com,Bogota,2025-07-30 04:00:00
Diego Medina,user701@example.com,Ibague,2025-07-30 05:00:00
Camila Gomez,user702@example.com,Manizales,2025-07-30 06:00:00
Isabella Ortiz,user703@example.com,Pereira,2025-07-30 07:00:00
Ana Torres,user704@example.com,Cartagena,2025-07-30 08:00:00
Santiago Morales,user705@example.com,Ibague,2025-07-30 09:00:00
Juan Ruiz,user706@example.com,Cartagena,2025-07-30 10:00:00
Ana Rojas,user707@example.com,Barranquilla,2025-07-30 11:00:00
Daniela Jimenez,user708@example.com,Barranquilla,2025-07-30 12:00:00
Mateo Rojas,user709@example.com,Manizales,2025-07-30 13:00:00
Sebastian Castro,user710@example.com,Cali,2025-07-30 14:00:00
Santiago Castillo,user711@example.com,Medellin,2025-07-30 15:00:00
Gabriela Perez,user712@example.com,Pereira,2025-07-30 16:00:00
Felipe Jimenez,user713@example.com,Barranquilla,2025-07-30 17:00:00
Carlos Castillo,user714@example.com,Barranquilla,2025-07-30 18:00:00
Diego Gomez,user715@example.com,Barranquilla,2025-07-30 19:00:00
Camila Rojas,user716@example.com,Cucuta,2025-07-30 20:00:00
Santiago Romero,user717@example.com,Bogota,2025-07-30 21:00:00
Ana Ortiz,user718@example.com,Manizales,2025-07-30 22:00:00
Gabriela Torres,user719@example.com,Cartagena,2025-07-30 23:00:00
Felipe Perez,user720@example.com,Barranquilla,2025-07-31 00:00:00
Camila Gomez,user721@example.com,Cucuta,2025-07-31 01:00:00
Carlos Medina,user722@example.com,Bogota,2025-07-31 02:00:00
Sofia Gomez,user723@example.com,Medellin,2025-07-31 03:00:00
Sofia Diaz,user724@example.com,Cartagena,2025-07-31 04:00:00
Isabella Medina,user725@example.com,Cartagena,2025-07-31 05:00:00
Laura Ramirez,user726@example.com,Bucaramanga,2025-07-31 06:00:00
Carlos Lopez,user727@example.com,Cucuta,2025-07-31 07:00:00
Felipe Ramirez,user728@example.com,Pereira,2025-07-31 08:00:00
Carlos Castro,user729@example.com,Bucaramanga,2025-07-31 09:00:00
Daniela Medina,user730@example.com,Bucaramanga,2025-07-31 10:00:00
Carlos Castro,user731@example.com,Cucuta,2025-07-31 11:00:00
Mateo Gutierrez,user732@example.com,Cucuta,2025-07-31 12:00:00
Sofia Lopez,user733@example.com,Pereira,2025-07-31 13:00:00
Mateo Morales,user734@example.com,Manizales,2025-07-31 14:00:00
Carlos Jimenez,user735@example.com,Manizales,2025-07-31 15:00:00
Carlos Perez,user736@example.com,Medellin,2025-07-31 16:00:00
Juan Ramirez,user737@example.com,Cucuta,2025-07-31 17:00:00
Felipe Perez,user738@example.com,Cucuta,2025-07-31 18:00:00
Santiago Medina,user739@example.com,Bucaramanga,2025-07-31 19:00:00
Camila Ruiz,user740@example.com,Cartagena,2025-07-31 20:00:00
Juan Ruiz,user741@example.com,Bucaramanga,2025-07-31 21:00:00
Valentina Torres,user742@example.com,Ibague,2025-07-31 22:00:00
Mateo Rojas,user743@example.com,Barranquilla,2025-07-31 23:00:00
Maria Ruiz,user744@example.com,Medellin,2025-08-01 00:00:00
Sofia Garcia,user745@example.com,Manizales,2025-08-01 01:00:00
Ana Ramirez,user746@example.com,Cucuta,2025-08-01 02:00:00
Valentina Lopez,user747@example.com,Pereira,2025-08-01 03:00:00
Juan Jimenez,user748@example.com,Cartagena,2025-08-01 04:00:00
Sebastian Castillo,user749@example.com,Cali,2025-08-01 05:00:00
Nicolas Gomez,user750@example.com,Cali,2025-08-01 06:00:00
Sebastian Ramirez,user751@example.com,Barranquilla,2025-08-01 07:00:00
Carlos Castro,user752@example.com,Bucaramanga,2025-08-01 08:00:00
Santiago Jimenez,user753@example.com,Manizales,2025-08-01 09:00:00
Santiago Lopez,user754@example.com,Manizales,2025-08-01 10:00:00
Carlos Diaz,user755@example.com,Bucaramanga,2025-08-01 11:00:00
Maria Torres,user756@example.com,Manizales,2025-08-01 12:00:00
Andres Rojas,user757@example.com,Medellin,2025-08-01 13:00:00
Santiago Gutierrez,user758@example.com,Cartagena,2025-08-01 14:00:00
Sebastian Diaz,user759@example.com,Cucuta,2025-08-01 15:00:00
Ana Vargas,user760@example.com,Cali,2025-08-01 16:00:00
Daniela Rojas,user761@example.com,Bucaramanga,2025-08-01 17:00:00
Mariana Gomez,user762@example.com,Cartagena,2025-08-01 18:00:00
Isabella Jimenez,user763@example.com,Medellin,2025-08-01 19:00:00
Isabella Ortiz,user764@example.com,Medellin,2025-08-01 20:00:00
Diego Ramirez,user765@example.com,Cartagena,2025-08-01 21:00:00
Valentina Castillo,user766@example.com,Manizales,2025-08-01 22:00:00
Daniela Lopez,user767@example.com,Pereira,2025-08-01 23:00:00
Andres Morales,user768@example.com,Ibague,2025-08-02 00:00:00
Nicolas Castillo,user769@example.com,Barranquilla,2025-08-02 01:00:00
Sofia Flores,user770@example.com,Ibague,2025-08-02 02:00:00
Nicolas Ruiz,user771@example.com,Pereira,2025-08-02 03:00:00
Maria Flores,user772@example.com,Barranquilla,2025-08-02 04:00:00
Camila Castillo,user773@example.com,Manizales,2025-08-02 05:00:00
Juan Jimenez,user774@example.com,Cali,2025-08-02 06:00:00
Nicolas Gutierrez,user775@example.com,Cali,2025-08-02 07:00:00
Nicolas Medina,user776@example.com,Bucaramanga,2025-08-02 08:00:00
Daniela Torres,user777@example.com,Medellin,2025-08-02 09:00:00
Felipe Gomez,user778@example.com,Bucaramanga,2025-08-02 10:00:00
Daniela Torres,user779@example.com,Medellin,2025-08-02 11:00:00
Camila Flores,user780@example.com,Cali,2025-08-02 12:00:00
Juan Gutierrez,user781@example.com,Cartagena,2025-08-02 13:00:00
Diego Lopez,user782@example.com,Cucuta,2025-08-02 14:00:00
Maria Torres,user783@example.com,Cartagena,2025-08-02 15:00:00
Ana Ramirez,user784@example.com,Barranquilla,2025-08-02 16:00:00
Mateo Gomez,user785@example.com,Medellin,2025-08-02 17:00:00
Diego Castro,user786@example.com,Cucuta,2025-08-02 18:00:00
Sebastian Garcia,user787@example.com,Ibague,2025-08-02 19:00:00
Gabriela Herrera,user788@example.com,Bogota,2025-08-02 20:00:00
Mateo Ruiz,user789@example.com,Cali,2025-08-02 21:00:00
Gabriela Romero,user790@example.com,Pereira,2025-08-02 22:00:00
Gabriela Jimenez,user791@example.com,Bucaramanga,2025-08-02 23:00:00
Daniela Ruiz,user792@example.com,Cucuta,2025-08-03 00:00:00
Camila Morales,user793@example.com,Cucuta,2025-08-03 01:00:00
Camila Rojas,user794@example.com,Bucaramanga,2025-08-03 02:00:00
Camila Torres,user795@example.com,Cucuta,2025-08-03 03:00:00
Andres Castro,user796@example.com,Ibague,2025-08-03 04:00:00
Felipe Garcia,user797@example.com,Pereira,2025-08-03 05:00:00
Luis Morales,user798@example.com,Cucuta,2025-08-03 06:00:00
Sebastian Castro,user799@example.com,Bucaramanga,2025-08-03 07:00:00
Diego Perez,user800@example.com,Medellin,2025-08-03 08:00:00
Gabriela Gomez,user801@example.com,Manizales,2025-08-03 09:00:00
Laura Gutierrez,user802@example.com,Cali,2025-08-03 10:00:00
Sebastian Romero,user803@example.com,Medellin,2025-08-03 11:00:00
Carlos Medina,user804@example.com,Pereira,2025-08-03 12:00:00
Mateo Morales,user805@example.com,Cucuta,2025-08-03 13:00:00
Luis Jimenez,user806@example.com,Manizales,2025-08-03 14:00:00
Luis Torres,user807@example.com,Cucuta,2025-08-03 15:00:00
Camila Herrera,user808@example.com,Bogota,2025-08-03 16:00:00
Nicolas Garcia,user809@example.com,Cartagena,2025-08-03 17:00:00
Daniela Lopez,user810@example.com,Bogota,2025-08-03 18:00:00
Mariana Vargas,user811@example.com,Medellin,2025-08-03 19:00:00
Carlos Perez,user812@example.com,Pereira,2025-08-03 20:00:00
Valentina Diaz,user813@example.com,Manizales,2025-08-03 21:00:00
Daniela Castro,user814@example.com,Bogota,2025-08-03 22:00:00
Daniela Gutierrez,user815@example.com,Pereira,2025-08-03 23:00:00
Camila Torres,user816@example.com,Barranquilla,2025-08-04 00:00:00
Juan Ruiz,user817@example.com,Bucaramanga,2025-08-04 01:00:00
Laura Gutierrez,user818@example.com,Bucaramanga,2025-08-04 02:00:00
Carlos Flores,user819@example.com,Pereira,2025-08-04 03:00:00
Sebastian Perez,user820@example.com,Pereira,2025-08-04 04:00:00
Valentina Ramirez,user821@example.com,Manizales,2025-08-04 05:00:00
Maria Lopez,user822@example.com,Cali,2025-08-04 06:00:00
Ana Ramirez,user823@example.com,Bogota,2025-08-04 07:00:00
Sebastian Diaz,user824@example.com,Medellin,2025-08-04 08:00:00
Valentina Ruiz,user825@example.com,Medellin,2025-08-04 09:00:00
Mariana Medina,user826@example.com,Medellin,2025-08-04 10:00:00
Valentina Gutierrez,user827@example.com,Pereira,2025-08-04 11:00:00
Laura Gomez,user828@example.com,Bogota,2025-08-04 12:00:00
Juan Vargas,user829@example.com,Bogota,2025-08-04 13:00:00
Carlos Morales,user830@example.com,Ibague,2025-08-04 14:00:00
Felipe Morales,user831@example.com,Cali,2025-08-04 15:00:00
Camila Rojas,user832@example.com,Ibague,2025-08-04 16:00:00
Nicolas Castro,user833@example.com,Barranquilla,2025-08-04 17:00:00
Juan Castro,user834@example.com,Cartagena,2025-08-04 18:00:00
Ana Vargas,user835@example.com,Ibague,2025-08-04 19:00:00
Andres Ortiz,user836@example.com,Cucuta,2025-08-04 20:00:00
Luis Gutierrez,user837@example.com,Manizales,2025-08-04 21:00:00
Maria Morales,user838@example.com,Cartagena,2025-08-04 22:00:00
Carlos Diaz,user839@example.com,Ibague,2025-08-04 23:00:00
Ana Jimenez,user840@example.com,Cartagena,2025-08-05 00:00:00
Mateo Ruiz,user841@example.com,Pereira,2025-08-05 01:00:00
Gabriela Herrera,user842@example.com,Manizales,2025-08-05 02:00:00
Andres Diaz,user843@example.com,Pereira,2025-08-05 03:00:00
Diego Ramirez,user844@example.com,Cartagena,2025-08-05 04:00:00
Isabella Ruiz,user845@example.com,Cali,2025-08-05 05:00:00
Mariana Herrera,user846@example.com,Pereira,2025-08-05 06:00:00
Ana Morales,user847@example.com,Pereira,2025-08-05 07:00:00
Sebastian Rojas,user848@example.com,Bogota,2025-08-05 08:00:00
Mariana Garcia,user849@example.com,Bucaramanga,2025-08-05 09:00:00
Sofia Torres,user850@example.com,Manizales,2025-08-05 10:00:00
Sofia Gutierrez,user851@example.com,Bogota,2025-08-05 11:00:00
Carlos Medina,user852@example.com,Ibague,2025-08-05 12:00:00
Santiago Lopez,user853@example.com,Bogota,2025-08-05 13:00:00
Andres Flores,user854@example.com,Cartagena,2025-08-05 14:00:00
Luis Ruiz,user855@example.com,Ibague,2025-08-05 15:00:00
Nicolas Flores,user856@example.com,Medellin,2025-08-05 16:00:00
Isabella Ortiz,user857@example.com,Barranquilla,2025-08-05 17:00:00
Andres Gomez,user858@example.com,Ibague,2025-08-05 18:00:00
Juan Gutierrez,user859@example.com,Cali,2025-08-05 19:00:00
Andres Gutierrez,user860@example.com,Cali,2025-08-05 20:00:00
Luis Garcia,user861@example.com,Bucaramanga,2025-08-05 21:00:00
Luis Herrera,user862@example.com,Ibague,2025-08-05 22:00:00
Juan Ortiz,user863@example.com,Bucaramanga,2025-08-05 23:00:00
Daniela Herrera,user864@example.com,Cartagena,2025-08-06 00:00:00
Sofia Lopez,user865@example.com,Manizales,2025-08-06 01:00:00
Camila Vargas,user866@example.com,Pereira,2025-08-06 02:00:00
Santiago Rojas,user867@example.com,Bogota,2025-08-06 03:00:00
Nicolas Jimenez,user868@example.com,Manizales,2025-08-06 04:00:00
Nicolas Vargas,user869@example.com,Medellin,2025-08-06 05:00:00
Camila Rojas,user870@example.com,Ibague,2025-08-06 06:00:00
Carlos Ortiz,user871@example.com,Bucaramanga,2025-08-06 07:00:00
Sofia Medina,user872@example.com,Cucuta,2025-08-06 08:00:00
Nicolas Gutierrez,user873@example.com,Cucuta,2025-08-06 09:00:00
Nicolas Medina,user874@example.com,Manizales,2025-08-06 10:00:00
Luis Romero,user875@example.com,Manizales,2025-08-06 11:00:00
Laura Herrera,user876@example.com,Cartagena,2025-08-06 12:00:00
Luis Ruiz,user877@example.com,Cali,2025-08-06 13:00:00
Mariana Torres,user878@example.com,Bogota,2025-08-06 14:00:00
Felipe Torres,user879@example.com,Bogota,2025-08-06 15:00:00
Juan Gutierrez,user880@example.com,Pereira,2025-08-06 16:00:00
Santiago Vargas,user881@example.com,Ibague,2025-08-06 17:00:00
Andres Gutierrez,user882@example.com,Barranquilla,2025-08-06 18:00:00
Felipe Flores,user883@example.com,Medellin,2025-08-06 19:00:00
Mariana Morales,user884@example.com,Medellin,2025-08-06 20:00:00
Ana Romero,user885@example.com,Cali,2025-08-06 21:00:00
Carlos Jimenez,user886@example.com,Medellin,2025-08-06 22:00:00
Mateo Ramirez,user887@example.com,Medellin,2025-08-06 23:00:00
Gabriela Ruiz,user888@example.com,Bogota,2025-08-07 00:00:00
Carlos Perez,user889@example.com,Bucaramanga,2025-08-07 01:00:00
Isabella Diaz,user890@example.com,Cucuta,2025-08-07 02:00:00
Juan Gomez,user891@example.com,Bogota,2025-08-07 03:00:00
Mariana Vargas,user892@example.com,Cali,2025-08-07 04:00:00
Maria Jimenez,user893@example.com,Barranquilla,2025-08-07 05:00:00
Santiago Lopez,user894@example.com,Bogota,2025-08-07 06:00:00
Santiago Ruiz,user895@example.com,Manizales,2025-08-07 07:00:00
Camila Ortiz,user896@example.com,Manizales,2025-08-07 08:00:00
Andres Romero,user897@example.com,Pereira,2025-08-07 09:00:00
Carlos Rojas,user898@example.com,Medellin,2025-08-07 10:00:00
Luis Diaz,user899@example.com,Cali,2025-08-07 11:00:00
Ana Gomez,user900@example.com,Barranquilla,2025-08-07 12:00:00
Isabella Jimenez,user901@example.com,Medellin,2025-08-07 13:00:00
Andres Castro,user902@example.com,Pereira,2025-08-07 14:00:00
Gabriela Castro,user903@example.com,Barranquilla,2025-08-07 15:00:00
Luis Morales,user904@example.com,Manizales,2025-08-07 16:00:00
Ana Castillo,user905@example.com,Manizales,2025-08-07 17:00:00
Sofia Ortiz,user906@example.com,Pereira,2025-08-07 18:00:00
Isabella Jimenez,user907@example.com,Pereira,2025-08-07 19:00:00
Felipe Lopez,user908@example.com,Ibague,2025-08-07 20:00:00
Sebastian Herrera,user909@example.com,Ibague,2025-08-07 21:00:00
Juan Jimenez,user910@example.com,Cali,2025-08-07 22:00:00
Isabella Perez,user911@example.com,Medellin,2025-08-07 23:00:00
Sofia Diaz,user912@example.com,Bogota,2025-08-08 00:00:00
Juan Flores,user913@example.com,Pereira,2025-08-08 01:00:00
Valentina Medina,user914@example.com,Manizales,2025-08-08 02:00:00
Daniela Ramirez,user915@example.com,Pereira,2025-08-08 03:00:00
Santiago Flores,user916@example.com,Barranquilla,2025-08-08 04:00:00
Ana Castro,user917@example.com,Bucaramanga,2025-08-08 05:00:00
Sebastian Flores,user918@example.com,Bogota,2025-08-08 06:00:00
Valentina Medina,user919@example.com,Bogota,2025-08-08 07:00:00
Mateo Torres,user920@example.com,Ibague,2025-08-08 08:00:00
Isabella Lopez,user921@example.com,Cali,2025-08-08 09:00:00
Valentina Gomez,user922@example.com,Manizales,2025-08-08 10:00:00
Isabella Garcia,user923@example.com,Cucuta,2025-08-08 11:00:00
Mateo Ortiz,user924@example.com,Cali,2025-08-08 12:00:00
Laura Flores,user925@example.com,Cucuta,2025-08-08 13:00:00
Andres Lopez,user926@example.com,Cucuta,2025-08-08 14:00:00
Mateo Morales,user927@example.com,Manizales,2025-08-08 15:00:00
Sofia Torres,user928@example.com,Bogota,2025-08-08 16:00:00
Sofia Castillo,user929@example.com,Manizales,2025-08-08 17:00:00
Sebastian Castro,user930@example.com,Cali,2025-08-08 18:00:00
Diego Jimenez,user931@example.com,Bogota,2025-08-08 19:00:00
Felipe Diaz,user932@example.com,Medellin,2025-08-08 20:00:00
Mateo Jimenez,user933@example.com,Cucuta,2025-08-08 21:00:00
Gabriela Torres,user934@example.com,Pereira,2025-08-08 22:00:00
Felipe Perez,user935@example.com,Bucaramanga,2025-08-08 23:00:00
Maria Ruiz,user936@example.com,Cali,2025-08-09 00:00:00
Juan Vargas,user937@example.com,Cali,2025-08-09 01:00:00
Camila Medina,user938@example.com,Medellin,2025-08-09 02:00:00
Mateo Ruiz,user939@example.com,Bucaramanga,2025-08-09 03:00:00
Juan Ortiz,user940@example.com,Medellin,2025-08-09 04:00:00
Andres Jimenez,user941@example.com,Bucaramanga,2025-08-09 05:00:00
Felipe Gutierrez,user942@example.com,Bucaramanga,2025-08-09 06:00:00
Valentina Ortiz,user943@example.com,Cucuta,2025-08-09 07:00:00
Sofia Garcia,user944@example.com,Barranquilla,2025-08-09 08:00:00
Santiago Castillo,user945@example.com,Medellin,2025-08-09 09:00:00
Sofia Torres,user946@example.com,Ibague,2025-08-09 10:00:00
Andres Rojas,user947@example.com,Ibague,2025-08-09 11:00:00
Luis Gutierrez,user948@example.com,Bogota,2025-08-09 12:00:00
Luis Jimenez,user949@example.com,Manizales,2025-08-09 13:00:00
Sebastian Garcia,user950@example.com,Cucuta,2025-08-09 14:00:00
Isabella Jimenez,user951@example.com,Cucuta,2025-08-09 15:00:00
Andres Ramirez,user952@example.com,Barranquilla,2025-08-09 16:00:00
Felipe Ruiz,user953@example.com,Bogota,2025-08-09 17:00:00
Valentina Castro,user954@example.com,Bucaramanga,2025-08-09 18:00:00
Camila Morales,user955@example.com,Ibague,2025-08-09 19:00:00
Andres Morales,user956@example.com,Medellin,2025-08-09 20:00:00
Felipe Diaz,user957@example.com,Medellin,2025-08-09 21:00:00
Andres Lopez,user958@example.com,Ibague,2025-08-09 22:00:00
Valentina Lopez,user959@example.com,Pereira,2025-08-09 23:00:00
Nicolas Jimenez,user960@example.com,Barranquilla,2025-08-10 00:00:00
Andres Romero,user961@example.com,Bucaramanga,2025-08-10 01:00:00
Sebastian Medina,user962@example.com,Bucaramanga,2025-08-10 02:00:00
Juan Ramirez,user963@example.com,Cali,2025-08-10 03:00:00
Andres Castro,user964@example.com,Medellin,2025-08-10 04:00:00
Gabriela Castro,user965@example.com,Cucuta,2025-08-10 05:00:00
Mateo Vargas,user966@example.com,Medellin,2025-08-10 06:00:00
Sebastian Garcia,user967@example.com,Medellin,2025-08-10 07:00:00
Maria Vargas,user968@example.com,Cartagena,2025-08-10 08:00:00
Diego Rojas,user969@example.com,Medellin,2025-08-10 09:00:00
Sofia Herrera,user970@example.com,Cucuta,2025-08-10 10:00:00
Santiago Jimenez,user971@example.com,Bogota,2025-08-10 11:00:00
Isabella Perez,user972@example.com,Medellin,2025-08-10 12:00:00
Gabriela Rojas,user973@example.com,Cartagena,2025-08-10 13:00:00
Ana Gomez,user974@example.com,Cucuta,2025-08-10 14:00:00
Luis Vargas,user975@example.com,Pereira,2025-08-10 15:00:00
Felipe Jimenez,user976@example.com,Bucaramanga,2025-08-10 16:00:00
Santiago Vargas,user977@example.com,Cucuta,2025-08-10 17:00:00
Diego Gutierrez,user978@example.com,Manizales,2025-08-10 18:00:00
Camila Gomez,user979@example.com,Cartagena,2025-08-10 19:00:00
Luis Ortiz,user980@example.com,Manizales,2025-08-10 20:00:00
Carlos Gutierrez,user981@example.com,Cartagena,2025-08-10 21:00:00
Mariana Herrera,user982@example.com,Cartagena,2025-08-10 22:00:00
Mariana Gomez,user983@example.com,Manizales,2025-08-10 23:00:00
Nicolas Vargas,user984@example.com,Barranquilla,2025-08-11 00:00:00
Sebastian Castro,user985@example.com,Pereira,2025-08-11 01:00:00
Gabriela Castro,user986@example.com,Barranquilla,2025-08-11 02:00:00
Mariana Morales,user987@example.com,Medellin,2025-08-11 03:00:00
Nicolas Castillo,user988@example.com,Barranquilla,2025-08-11 04:00:00
Isabella Ruiz,user989@example.com,Pereira,2025-08-11 05:00:00
Sebastian Rojas,user990@example.com,Barranquilla,2025-08-11 06:00:00
Camila Morales,user991@example.com,Bucaramanga,2025-08-11 07:00:00
Gabriela Vargas,user992@example.com,Manizales,2025-08-11 08:00:00
Ana Castillo,user993@example.com,Ibague,2025-08-11 09:00:00
Daniela Rojas,user994@example.com,Cucuta,2025-08-11 10:00:00
Isabella Rojas,user995@example.com,Pereira,2025-08-11 11:00:00
Daniela Romero,user996@example.com,Barranquilla,2025-08-11 12:00:00
Laura Perez,user997@example.com,Manizales,2025-08-11 13:00:00
Sebastian Diaz,user998@example.com,Barranquilla,2025-08-11 14:00:00
Valentina Gutierrez,user999@example.com,Ibague,2025-08-11 15:00:00
Luis Ruiz,user1000@example.com,Bogota,2025-08-11 16:00:00
